{"biases":[[[-4.710994927437071],[16.80607883751968],[5.943601490150871]],[[-4.635706445735821]]],"weights":[[[-8.660519188005408,7.978416956310632],[-10.580585719242864,-12.01693424563186],[-13.076986251668375,-11.740897599449545]],[[1.617333132772465,9.144087535144218,-9.358576358306873]]]}